experiment,train_size,rank1,mAP
Initial,792,0.5562499761581421,0.4241686761379242
Core-set AL,2792,0.9145833253860474,0.8664591312408447
