experiment,train_size,rank1,mAP
Initial,396,0.4583333432674408,0.3287559151649475
Core-set AL,1396,0.7541666626930237,0.6359785795211792
